step,slot,new_chunk,gpu_ms,total_ms,stage,black_head,black_left,black_right,step_ms
0,0,1,87.474,88.320,-1,0,0,0,nan
1,0,0,0.000,0.000,-1,0,0,0,635.630
2,0,0,0.000,0.000,-1,0,0,0,55.748
3,0,0,0.000,0.000,-1,0,0,0,54.330
4,0,0,0.000,0.000,-1,0,0,0,53.390
5,0,0,0.000,0.000,-1,0,0,0,97.196
6,0,0,0.000,0.000,-1,0,0,0,58.946
7,0,0,0.000,0.000,-1,0,0,0,56.081
8,0,0,0.000,0.000,-1,0,0,0,57.131
9,0,0,0.000,0.000,-1,0,0,0,55.740
10,0,0,0.000,0.000,-1,0,0,0,60.672
11,0,0,0.000,0.000,-1,0,0,0,56.157
12,0,0,0.000,0.000,-1,0,0,0,49.746
13,0,0,0.000,0.000,-1,0,0,0,53.961
14,0,0,0.000,0.000,-1,0,0,0,48.628
15,0,0,0.000,0.000,-1,0,0,0,51.425
16,0,0,0.000,0.000,-1,0,0,0,57.640
17,0,0,0.000,0.000,-1,0,0,0,51.090
18,0,0,0.000,0.000,-1,0,0,0,48.842
19,0,0,0.000,0.000,-1,0,0,0,50.036
20,0,0,0.000,0.000,-1,0,0,0,51.265
21,0,0,0.000,0.000,-1,0,0,0,49.952
22,0,0,0.000,0.000,-1,0,0,0,49.440
23,0,0,0.000,0.000,-1,0,0,0,49.840
24,0,0,0.000,0.000,-1,0,0,0,50.882
25,0,0,0.000,0.000,-1,0,0,0,52.810
26,0,0,0.000,0.000,-1,0,0,0,50.618
27,0,0,0.000,0.000,-1,0,0,0,49.199
28,0,0,0.000,0.000,-1,0,0,0,51.239
29,0,0,0.000,0.000,-1,0,0,0,49.878
30,0,0,0.000,0.000,-1,0,0,0,49.018
31,0,0,0.000,0.000,-1,0,0,0,47.642
32,0,1,86.815,87.580,-1,0,0,0,48.670
33,0,0,0.000,0.000,-1,0,0,0,49.278
34,0,0,0.000,0.000,-1,0,0,0,50.874
35,0,0,0.000,0.000,-1,0,0,0,49.316
36,0,0,0.000,0.000,-1,0,0,0,52.296
37,0,0,0.000,0.000,-1,0,0,0,51.297
38,0,0,0.000,0.000,-1,0,0,0,50.614
39,0,0,0.000,0.000,-1,0,0,0,50.005
40,0,0,0.000,0.000,-1,0,0,0,49.843
41,0,0,0.000,0.000,-1,0,0,0,50.723
42,0,0,0.000,0.000,-1,0,0,0,61.844
43,0,0,0.000,0.000,-1,0,0,0,54.021
44,0,0,0.000,0.000,-1,0,0,0,51.414
45,0,0,0.000,0.000,-1,0,0,0,52.825
46,0,0,0.000,0.000,-1,0,0,0,52.264
47,0,0,0.000,0.000,-1,0,0,0,53.825
48,0,0,0.000,0.000,-1,0,0,0,50.980
49,0,0,0.000,0.000,-1,0,0,0,51.339
50,0,0,0.000,0.000,-1,0,0,0,51.801
51,0,0,0.000,0.000,-1,0,0,0,51.839
52,0,0,0.000,0.000,-1,0,0,0,51.657
53,0,0,0.000,0.000,-1,0,0,0,50.971
54,0,0,0.000,0.000,-1,0,0,0,55.320
55,0,0,0.000,0.000,-1,0,0,0,51.310
56,0,0,0.000,0.000,-1,0,0,0,51.655
57,0,0,0.000,0.000,-1,0,0,0,49.790
58,0,0,0.000,0.000,-1,0,0,0,51.777
59,0,0,0.000,0.000,-1,0,0,0,53.411
60,0,0,0.000,0.000,-1,0,0,0,51.225
61,0,0,0.000,0.000,-1,0,0,0,50.501
62,0,0,0.000,0.000,-1,0,0,0,52.389
63,0,0,0.000,0.000,-1,0,0,0,49.741
64,0,1,78.867,79.655,-1,0,0,0,50.358
65,0,0,0.000,0.000,-1,0,0,0,52.946
66,0,0,0.000,0.000,-1,0,0,0,51.127
67,0,0,0.000,0.000,-1,0,0,0,54.090
68,0,0,0.000,0.000,-1,0,0,0,51.063
69,0,0,0.000,0.000,-1,0,0,0,54.175
70,0,0,0.000,0.000,-1,0,0,0,51.708
71,0,0,0.000,0.000,-1,0,0,0,56.440
72,0,0,0.000,0.000,-1,0,0,0,53.232
73,0,0,0.000,0.000,-1,0,0,0,52.629
74,0,0,0.000,0.000,-1,0,0,0,52.527
75,0,0,0.000,0.000,-1,0,0,0,55.826
76,0,0,0.000,0.000,-1,0,0,0,51.913
77,0,0,0.000,0.000,-1,0,0,0,53.462
78,0,0,0.000,0.000,-1,0,0,0,50.576
79,0,0,0.000,0.000,-1,0,0,0,52.606
80,0,0,0.000,0.000,-1,0,0,0,48.339
81,0,0,0.000,0.000,-1,0,0,0,50.508
82,0,0,0.000,0.000,-1,0,0,0,49.828
83,0,0,0.000,0.000,-1,0,0,0,48.481
84,0,0,0.000,0.000,-1,0,0,0,50.872
85,0,0,0.000,0.000,-1,0,0,0,50.172
86,0,0,0.000,0.000,-1,0,0,0,49.100
87,0,0,0.000,0.000,-1,0,0,0,51.037
88,0,0,0.000,0.000,-1,0,0,0,48.876
89,0,0,0.000,0.000,-1,0,0,0,51.429
90,0,0,0.000,0.000,-1,0,0,0,48.897
91,0,0,0.000,0.000,-1,0,0,0,47.088
92,0,0,0.000,0.000,-1,0,0,0,53.610
93,0,0,0.000,0.000,-1,0,0,0,49.035
94,0,0,0.000,0.000,-1,0,0,0,48.553
95,0,0,0.000,0.000,-1,0,0,0,46.643
96,0,1,78.042,78.685,-1,0,0,0,48.676
97,0,0,0.000,0.000,-1,0,0,0,50.553
98,0,0,0.000,0.000,-1,0,0,0,48.505
99,0,0,0.000,0.000,-1,0,0,0,48.587
100,0,0,0.000,0.000,-1,0,0,0,50.541
101,0,0,0.000,0.000,-1,0,0,0,49.126
102,0,0,0.000,0.000,-1,0,0,0,48.362
103,0,0,0.000,0.000,-1,0,0,0,48.733
104,0,0,0.000,0.000,-1,0,0,0,50.289
105,0,0,0.000,0.000,-1,0,0,0,46.567
106,0,0,0.000,0.000,-1,0,0,0,47.372
107,0,0,0.000,0.000,-1,0,0,0,49.386
108,0,0,0.000,0.000,-1,0,0,0,50.111
109,0,0,0.000,0.000,-1,0,0,0,49.634
110,0,0,0.000,0.000,-1,0,0,0,48.912
111,0,0,0.000,0.000,-1,0,0,0,51.398
112,0,0,0.000,0.000,-1,0,0,0,57.804
113,0,0,0.000,0.000,-1,0,0,0,50.124
114,0,0,0.000,0.000,-1,0,0,0,51.927
115,0,0,0.000,0.000,-1,0,0,0,50.644
116,0,0,0.000,0.000,-1,0,0,0,51.565
117,0,0,0.000,0.000,-1,0,0,0,52.623
118,0,0,0.000,0.000,-1,0,0,0,54.739
119,0,0,0.000,0.000,-1,0,0,0,51.020
120,0,0,0.000,0.000,-1,0,0,0,48.938
121,0,0,0.000,0.000,-1,0,0,0,49.498
122,0,0,0.000,0.000,-1,0,0,0,52.560
123,0,0,0.000,0.000,-1,0,0,0,52.213
124,0,0,0.000,0.000,-1,0,0,0,51.470
125,0,0,0.000,0.000,-1,0,0,0,50.189
126,0,0,0.000,0.000,-1,0,0,0,96.888
127,0,0,0.000,0.000,-1,0,0,0,51.623
128,0,1,78.139,78.909,-1,0,0,0,50.128
129,0,0,0.000,0.000,-1,0,0,0,55.862
130,0,0,0.000,0.000,-1,0,0,0,51.710
131,0,0,0.000,0.000,-1,0,0,0,49.616
132,0,0,0.000,0.000,-1,0,0,0,63.514
133,0,0,0.000,0.000,-1,0,0,0,50.118
134,0,0,0.000,0.000,-1,0,0,0,50.787
135,0,0,0.000,0.000,-1,0,0,0,51.063
136,0,0,0.000,0.000,-1,0,0,0,49.441
137,0,0,0.000,0.000,-1,0,0,0,51.764
138,0,0,0.000,0.000,-1,0,0,0,52.340
139,0,0,0.000,0.000,-1,0,0,0,50.445
140,0,0,0.000,0.000,-1,0,0,0,51.878
141,0,0,0.000,0.000,-1,0,0,0,51.590
142,0,0,0.000,0.000,-1,0,0,0,51.657
143,0,0,0.000,0.000,-1,0,0,0,49.428
144,0,0,0.000,0.000,-1,0,0,0,49.699
145,0,0,0.000,0.000,-1,0,0,0,51.229
146,0,0,0.000,0.000,-1,0,0,0,50.040
147,0,0,0.000,0.000,-1,0,0,0,49.809
148,0,0,0.000,0.000,-1,0,0,0,50.201
149,0,0,0.000,0.000,-1,0,0,0,52.968
150,0,0,0.000,0.000,-1,0,0,0,49.402
151,0,0,0.000,0.000,-1,0,0,0,53.115
152,0,0,0.000,0.000,-1,0,0,0,50.540
153,0,0,0.000,0.000,-1,0,0,0,53.019
154,0,0,0.000,0.000,-1,0,0,0,50.277
155,0,0,0.000,0.000,-1,0,0,0,50.456
156,0,0,0.000,0.000,-1,0,0,0,50.656
157,0,0,0.000,0.000,-1,0,0,0,52.856
158,0,0,0.000,0.000,-1,0,0,0,51.126
159,0,0,0.000,0.000,-1,0,0,0,54.024
160,0,1,85.600,86.308,-1,0,0,0,51.841
161,0,0,0.000,0.000,-1,0,0,0,54.968
162,0,0,0.000,0.000,-1,0,0,0,50.276
163,0,0,0.000,0.000,-1,0,0,0,50.406
164,0,0,0.000,0.000,-1,0,0,0,54.186
165,0,0,0.000,0.000,-1,0,0,0,52.931
166,0,0,0.000,0.000,-1,0,0,0,53.092
167,0,0,0.000,0.000,-1,0,0,0,70.638
168,0,0,0.000,0.000,-1,0,0,0,53.545
169,0,0,0.000,0.000,-1,0,0,0,54.683
170,0,0,0.000,0.000,-1,0,0,0,52.264
171,0,0,0.000,0.000,-1,0,0,0,52.717
172,0,0,0.000,0.000,-1,0,0,0,52.561
173,0,0,0.000,0.000,-1,0,0,0,55.277
174,0,0,0.000,0.000,-1,0,0,0,50.779
175,0,0,0.000,0.000,-1,0,0,0,51.666
176,0,0,0.000,0.000,-1,0,0,0,54.347
177,0,0,0.000,0.000,-1,0,0,0,54.683
178,0,0,0.000,0.000,-1,0,0,0,50.922
179,0,0,0.000,0.000,-1,0,0,0,50.508
180,0,0,0.000,0.000,-1,0,0,0,53.389
181,0,0,0.000,0.000,-1,0,0,0,55.409
182,0,0,0.000,0.000,-1,0,0,0,53.320
183,0,0,0.000,0.000,-1,0,0,0,53.646
184,0,0,0.000,0.000,-1,0,0,0,55.389
185,0,0,0.000,0.000,-1,0,0,0,53.703
186,0,0,0.000,0.000,-1,0,0,0,50.489
187,0,0,0.000,0.000,-1,0,0,0,52.357
188,0,0,0.000,0.000,-1,0,0,0,51.023
189,0,0,0.000,0.000,-1,0,0,0,54.506
190,0,0,0.000,0.000,-1,0,0,0,50.782
191,0,0,0.000,0.000,-1,0,0,0,50.779
192,0,1,80.266,81.058,-1,0,0,0,51.400
193,0,0,0.000,0.000,-1,0,0,0,56.025
194,0,0,0.000,0.000,-1,0,0,0,52.449
195,0,0,0.000,0.000,-1,0,0,0,55.076
196,0,0,0.000,0.000,-1,0,0,0,55.005
197,0,0,0.000,0.000,-1,0,0,0,54.644
198,0,0,0.000,0.000,-1,0,0,0,58.164
199,0,0,0.000,0.000,-1,0,0,0,55.580
200,0,0,0.000,0.000,-1,0,0,0,55.803
201,0,0,0.000,0.000,-1,0,0,0,59.015
202,0,0,0.000,0.000,-1,0,0,0,54.742
203,0,0,0.000,0.000,-1,0,0,0,53.745
204,0,0,0.000,0.000,-1,0,0,0,54.338
205,0,0,0.000,0.000,-1,0,0,0,54.450
206,0,0,0.000,0.000,-1,0,0,0,50.654
207,0,0,0.000,0.000,-1,0,0,0,49.576
208,0,0,0.000,0.000,-1,0,0,0,49.360
209,0,0,0.000,0.000,-1,0,0,0,51.891
210,0,0,0.000,0.000,-1,0,0,0,54.089
211,0,0,0.000,0.000,-1,0,0,0,51.120
212,0,0,0.000,0.000,-1,0,0,0,50.642
213,0,0,0.000,0.000,-1,0,0,0,52.565
214,0,0,0.000,0.000,-1,0,0,0,51.098
215,0,0,0.000,0.000,-1,0,0,0,50.110
216,0,0,0.000,0.000,-1,0,0,0,52.481
217,0,0,0.000,0.000,-1,0,0,0,53.957
218,0,0,0.000,0.000,-1,0,0,0,52.155
219,0,0,0.000,0.000,-1,0,0,0,51.087
220,0,0,0.000,0.000,-1,0,0,0,51.042
221,0,0,0.000,0.000,-1,0,0,0,52.475
222,0,0,0.000,0.000,-1,0,0,0,52.535
223,0,0,0.000,0.000,-1,0,0,0,50.585
224,0,1,78.138,78.887,-1,0,0,0,49.667
225,0,0,0.000,0.000,-1,0,0,0,53.960
226,0,0,0.000,0.000,-1,0,0,0,51.492
227,0,0,0.000,0.000,-1,0,0,0,51.908
228,0,0,0.000,0.000,-1,0,0,0,51.177
229,0,0,0.000,0.000,-1,0,0,0,52.552
230,0,0,0.000,0.000,-1,0,0,0,52.637
231,0,0,0.000,0.000,-1,0,0,0,53.407
232,0,0,0.000,0.000,-1,0,0,0,60.254
233,0,0,0.000,0.000,-1,0,0,0,58.856
234,0,0,0.000,0.000,-1,0,0,0,63.102
235,0,0,0.000,0.000,-1,0,0,0,62.105
236,0,0,0.000,0.000,-1,0,0,0,63.047
237,0,0,0.000,0.000,-1,0,0,0,59.552
238,0,0,0.000,0.000,-1,0,0,0,55.396
239,0,0,0.000,0.000,-1,0,0,0,54.446
240,0,0,0.000,0.000,-1,0,0,0,53.520
241,0,0,0.000,0.000,-1,0,0,0,54.263
242,0,0,0.000,0.000,-1,0,0,0,55.128
243,0,0,0.000,0.000,-1,0,0,0,56.443
244,0,0,0.000,0.000,-1,0,0,0,52.803
245,0,0,0.000,0.000,-1,0,0,0,55.181
246,0,0,0.000,0.000,-1,0,0,0,54.127
247,0,0,0.000,0.000,-1,0,0,0,53.831
248,0,0,0.000,0.000,-1,0,0,0,53.382
249,0,0,0.000,0.000,-1,0,0,0,59.242
250,0,0,0.000,0.000,-1,0,0,0,58.325
251,0,0,0.000,0.000,-1,0,0,0,56.814
252,0,0,0.000,0.000,-1,0,0,0,58.216
253,0,0,0.000,0.000,-1,0,0,0,57.940
254,0,0,0.000,0.000,-1,0,0,0,63.006
255,0,0,0.000,0.000,-1,0,0,0,57.331
256,0,1,78.003,78.644,-1,0,0,0,56.579
257,0,0,0.000,0.000,-1,0,0,0,58.322
258,0,0,0.000,0.000,-1,0,0,0,54.651
259,0,0,0.000,0.000,-1,0,0,0,53.983
260,0,0,0.000,0.000,-1,0,0,0,53.797
261,0,0,0.000,0.000,-1,0,0,0,54.336
262,0,0,0.000,0.000,-1,0,0,0,53.354
263,0,0,0.000,0.000,-1,0,0,0,53.785
264,0,0,0.000,0.000,-1,0,0,0,54.158
265,0,0,0.000,0.000,-1,0,0,0,57.834
266,0,0,0.000,0.000,-1,0,0,0,55.844
267,0,0,0.000,0.000,-1,0,0,0,52.794
268,0,0,0.000,0.000,-1,0,0,0,55.539
269,0,0,0.000,0.000,-1,0,0,0,53.800
270,0,0,0.000,0.000,-1,0,0,0,51.018
271,0,0,0.000,0.000,-1,0,0,0,51.784
272,0,0,0.000,0.000,-1,0,0,0,53.614
273,0,0,0.000,0.000,-1,0,0,0,53.080
274,0,0,0.000,0.000,-1,0,0,0,52.626
275,0,0,0.000,0.000,-1,0,0,0,52.140
276,0,0,0.000,0.000,-1,0,0,0,54.354
277,0,0,0.000,0.000,-1,0,0,0,53.177
278,0,0,0.000,0.000,-1,0,0,0,51.642
279,0,0,0.000,0.000,-1,0,0,0,51.746
280,0,0,0.000,0.000,-1,0,0,0,53.262
281,0,0,0.000,0.000,-1,0,0,0,52.641
282,0,0,0.000,0.000,-1,0,0,0,54.028
283,0,0,0.000,0.000,-1,0,0,0,53.802
284,0,0,0.000,0.000,-1,0,0,0,54.768
285,0,0,0.000,0.000,-1,0,0,0,53.984
286,0,0,0.000,0.000,-1,0,0,0,51.898
287,0,0,0.000,0.000,-1,0,0,0,52.476
288,0,1,78.096,78.735,-1,0,0,0,53.708
289,0,0,0.000,0.000,-1,0,0,0,52.313
290,0,0,0.000,0.000,-1,0,0,0,53.352
291,0,0,0.000,0.000,-1,0,0,0,52.427
292,0,0,0.000,0.000,-1,0,0,0,54.690
293,0,0,0.000,0.000,-1,0,0,0,52.952
294,0,0,0.000,0.000,-1,0,0,0,51.742
295,0,0,0.000,0.000,-1,0,0,0,53.597
296,0,0,0.000,0.000,-1,0,0,0,52.642
297,0,0,0.000,0.000,-1,0,0,0,54.194
298,0,0,0.000,0.000,-1,0,0,0,54.342
299,0,0,0.000,0.000,-1,0,0,0,51.474
300,0,0,0.000,0.000,-1,0,0,0,51.374
301,0,0,0.000,0.000,-1,0,0,0,53.015
302,0,0,0.000,0.000,-1,0,0,0,53.225
303,0,0,0.000,0.000,-1,0,0,0,53.305
304,0,0,0.000,0.000,-1,0,0,0,52.714
305,0,0,0.000,0.000,-1,0,0,0,51.566
306,0,0,0.000,0.000,-1,0,0,0,53.358
307,0,0,0.000,0.000,-1,0,0,0,51.660
308,0,0,0.000,0.000,-1,0,0,0,52.882
309,0,0,0.000,0.000,-1,0,0,0,53.414
310,0,0,0.000,0.000,-1,0,0,0,54.572
311,0,0,0.000,0.000,-1,0,0,0,55.258
312,0,0,0.000,0.000,-1,0,0,0,54.455
313,0,0,0.000,0.000,-1,0,0,0,54.696
314,0,0,0.000,0.000,-1,0,0,0,55.191
315,0,0,0.000,0.000,-1,0,0,0,52.448
316,0,0,0.000,0.000,-1,0,0,0,50.261
317,0,0,0.000,0.000,-1,0,0,0,49.800
318,0,0,0.000,0.000,-1,0,0,0,51.448
319,0,0,0.000,0.000,-1,0,0,0,49.129
320,0,1,78.067,78.695,-1,0,0,0,48.871
321,0,0,0.000,0.000,-1,0,0,0,52.218
322,0,0,0.000,0.000,-1,0,0,0,60.209
323,0,0,0.000,0.000,-1,0,0,0,52.974
324,0,0,0.000,0.000,-1,0,0,0,54.873
325,0,0,0.000,0.000,-1,0,0,0,55.789
326,0,0,0.000,0.000,-1,0,0,0,61.772
327,0,0,0.000,0.000,-1,0,0,0,57.376
328,0,0,0.000,0.000,-1,0,0,0,59.900
329,0,0,0.000,0.000,-1,0,0,0,65.395
330,0,0,0.000,0.000,-1,0,0,0,65.510
331,0,0,0.000,0.000,-1,0,0,0,59.802
332,0,0,0.000,0.000,-1,0,0,0,62.762
333,0,0,0.000,0.000,-1,0,0,0,59.998
334,0,0,0.000,0.000,-1,0,0,0,58.799
335,0,0,0.000,0.000,-1,0,0,0,55.351
336,0,0,0.000,0.000,-1,0,0,0,54.575
337,0,0,0.000,0.000,-1,0,0,0,59.624
338,0,0,0.000,0.000,-1,0,0,0,58.041
339,0,0,0.000,0.000,-1,0,0,0,56.401
340,0,0,0.000,0.000,-1,0,0,0,55.813
341,0,0,0.000,0.000,-1,0,0,0,57.050
342,0,0,0.000,0.000,-1,0,0,0,55.350
343,0,0,0.000,0.000,-1,0,0,0,56.642
344,0,0,0.000,0.000,-1,0,0,0,53.603
345,0,0,0.000,0.000,-1,0,0,0,57.214
346,0,0,0.000,0.000,-1,0,0,0,58.960
347,0,0,0.000,0.000,-1,0,0,0,54.901
348,0,0,0.000,0.000,-1,0,0,0,55.429
349,0,0,0.000,0.000,-1,0,0,0,54.980
350,0,0,0.000,0.000,-1,0,0,0,53.124
351,0,0,0.000,0.000,-1,0,0,0,54.757
352,0,1,78.172,78.957,-1,0,0,0,55.564
353,0,0,0.000,0.000,-1,0,0,0,58.992
354,0,0,0.000,0.000,-1,0,0,0,55.883
355,0,0,0.000,0.000,-1,0,0,0,54.964
356,0,0,0.000,0.000,-1,0,0,0,54.496
357,0,0,0.000,0.000,-1,0,0,0,58.978
358,0,0,0.000,0.000,-1,0,0,0,57.608
359,0,0,0.000,0.000,-1,0,0,0,54.595
360,0,0,0.000,0.000,-1,0,0,0,57.595
361,0,0,0.000,0.000,-1,0,0,0,59.624
362,0,0,0.000,0.000,-1,0,0,0,53.815
363,0,0,0.000,0.000,-1,0,0,0,54.102
364,0,0,0.000,0.000,-1,0,0,0,58.011
365,0,0,0.000,0.000,-1,0,0,0,59.141
366,0,0,0.000,0.000,-1,0,0,0,57.136
367,0,0,0.000,0.000,-1,0,0,0,55.766
368,0,0,0.000,0.000,-1,0,0,0,56.373
369,0,0,0.000,0.000,-1,0,0,0,56.711
370,0,0,0.000,0.000,-1,0,0,0,58.705
371,0,0,0.000,0.000,-1,0,0,0,56.762
372,0,0,0.000,0.000,-1,0,0,0,56.215
373,0,0,0.000,0.000,-1,0,0,0,55.875
374,0,0,0.000,0.000,-1,0,0,0,57.938
375,0,0,0.000,0.000,-1,0,0,0,56.723
376,0,0,0.000,0.000,-1,0,0,0,58.071
377,0,0,0.000,0.000,-1,0,0,0,54.784
378,0,0,0.000,0.000,-1,0,0,0,56.212
379,0,0,0.000,0.000,-1,0,0,0,57.059
380,0,0,0.000,0.000,-1,0,0,0,55.917
381,0,0,0.000,0.000,-1,0,0,0,55.564
382,0,0,0.000,0.000,-1,0,0,0,58.601
383,0,0,0.000,0.000,-1,0,0,0,57.426
384,0,1,78.073,78.852,-1,0,0,0,58.264
385,0,0,0.000,0.000,-1,0,0,0,56.411
386,0,0,0.000,0.000,-1,0,0,0,57.642
387,0,0,0.000,0.000,-1,0,0,0,55.441
388,0,0,0.000,0.000,-1,0,0,0,56.064
389,0,0,0.000,0.000,-1,0,0,0,55.219
390,0,0,0.000,0.000,-1,0,0,0,57.389
391,0,0,0.000,0.000,-1,0,0,0,57.548
392,0,0,0.000,0.000,-1,0,0,0,55.545
393,0,0,0.000,0.000,-1,0,0,0,52.568
394,0,0,0.000,0.000,-1,0,0,0,57.189
395,0,0,0.000,0.000,-1,0,0,0,54.195
396,0,0,0.000,0.000,-1,0,0,0,54.961
397,0,0,0.000,0.000,-1,0,0,0,56.534
398,0,0,0.000,0.000,-1,0,0,0,58.765
399,0,0,0.000,0.000,-1,0,0,0,56.513
