time,adapter,dedicated_mib,shared_mib
21:06:32,luid_0x00000000_0x00012934_phys_0,0,0
21:06:32,luid_0x00000000_0x00012967_phys_0,33,78
21:06:32,luid_0x00000000_0x00011499_phys_0,5278,866
21:06:35,luid_0x00000000_0x00012934_phys_0,0,0
21:06:35,luid_0x00000000_0x00012967_phys_0,33,78
21:06:35,luid_0x00000000_0x00011499_phys_0,5313,890
21:06:38,luid_0x00000000_0x00012934_phys_0,0,0
21:06:38,luid_0x00000000_0x00012967_phys_0,33,78
21:06:38,luid_0x00000000_0x00011499_phys_0,5240,1001
21:06:41,luid_0x00000000_0x00012934_phys_0,0,0
21:06:41,luid_0x00000000_0x00012967_phys_0,33,78
21:06:41,luid_0x00000000_0x00011499_phys_0,7380,1109
21:06:44,luid_0x00000000_0x00012934_phys_0,0,0
21:06:44,luid_0x00000000_0x00012967_phys_0,33,78
21:06:44,luid_0x00000000_0x00011499_phys_0,7380,1109
21:06:47,luid_0x00000000_0x00012934_phys_0,0,0
21:06:47,luid_0x00000000_0x00012967_phys_0,33,78
21:06:47,luid_0x00000000_0x00011499_phys_0,7380,1110
21:06:50,luid_0x00000000_0x00012934_phys_0,0,0
21:06:50,luid_0x00000000_0x00012967_phys_0,33,78
21:06:50,luid_0x00000000_0x00011499_phys_0,7380,1110
