env_step,head_mean,left_mean,right_mean,n_black
1,107.94,44.07,71.30,0
2,110.58,45.99,0.01,0
3,113.28,47.82,0.01,0
4,115.40,49.25,75.47,0
5,117.26,50.51,0.01,0
6,119.76,52.80,0.02,0
7,121.58,54.48,76.81,0
8,123.28,56.47,0.01,0
9,123.56,58.18,0.02,0
10,122.04,59.79,77.13,0
11,121.41,60.91,0.01,0
12,122.28,62.02,0.02,0
13,122.69,62.33,76.82,0
14,123.49,62.70,0.01,0
15,124.25,62.59,0.01,0
16,123.77,62.03,75.66,0
17,123.78,61.60,0.01,0
18,123.74,61.03,0.02,0
19,123.44,60.76,71.34,0
20,123.12,59.84,0.01,0
21,123.74,59.38,0.01,0
22,123.35,58.30,67.91,0
23,124.20,58.14,0.02,0
24,124.26,58.06,0.02,0
25,124.08,58.12,64.45,0
26,123.95,58.02,0.02,0
27,124.69,58.19,0.01,0
28,124.28,58.27,62.01,0
29,125.03,58.25,0.01,0
30,125.59,57.54,0.01,0
31,127.52,57.69,58.69,0
32,129.41,57.26,0.01,0
33,131.86,58.16,0.02,0
34,131.75,58.34,56.54,0
35,130.38,58.51,0.02,0
36,130.36,58.91,0.02,0
37,131.19,59.43,53.50,0
38,107.94,44.07,71.30,0
39,110.58,45.99,0.01,0
40,113.28,47.82,0.01,0
41,115.40,49.25,75.47,0
42,117.26,50.51,0.01,0
43,119.76,52.80,0.02,0
44,121.58,54.48,76.81,0
45,123.28,56.47,0.01,0
46,123.56,58.18,0.02,0
47,122.04,59.79,77.13,0
48,121.41,60.91,0.01,0
49,122.28,62.02,0.02,0
50,122.69,62.33,76.82,0
51,123.49,62.70,0.01,0
52,124.25,62.59,0.01,0
53,123.77,62.03,75.66,0
54,123.78,61.60,0.01,0
55,123.74,61.03,0.02,0
56,123.44,60.76,71.34,0
57,123.12,59.84,0.01,0
58,123.74,59.38,0.01,0
59,123.35,58.30,67.91,0
60,124.20,58.14,0.02,0
61,124.26,58.06,0.02,0
62,124.08,58.12,64.45,0
63,123.95,58.02,0.02,0
64,124.69,58.19,0.01,0
65,124.28,58.27,62.01,0
66,125.03,58.25,0.01,0
67,125.59,57.54,0.01,0
68,127.52,57.69,58.69,0
69,129.41,57.26,0.01,0
70,131.86,58.16,0.02,0
71,131.75,58.34,56.54,0
72,130.38,58.51,0.02,0
73,130.36,58.91,0.02,0
74,131.19,59.43,53.50,0
75,107.94,44.07,71.30,0
76,110.58,45.99,0.01,0
77,113.28,47.82,0.01,0
78,115.40,49.25,75.47,0
79,117.26,50.51,0.01,0
80,119.76,52.80,0.02,0
81,121.58,54.48,76.81,0
82,123.28,56.47,0.01,0
83,123.56,58.18,0.02,0
84,122.04,59.79,77.13,0
85,121.41,60.91,0.01,0
86,122.28,62.02,0.02,0
87,122.69,62.33,76.82,0
88,123.49,62.70,0.01,0
89,124.25,62.59,0.01,0
90,123.77,62.03,75.66,0
91,123.78,61.60,0.01,0
92,123.74,61.03,0.02,0
93,123.44,60.76,71.34,0
94,123.12,59.84,0.01,0
95,123.74,59.38,0.01,0
96,123.35,58.30,67.91,0
97,124.20,58.14,0.02,0
98,124.26,58.06,0.02,0
99,124.08,58.12,64.45,0
100,123.95,58.02,0.02,0
101,124.69,58.19,0.01,0
102,124.28,58.27,62.01,0
103,125.03,58.25,0.01,0
104,125.59,57.54,0.01,0
105,127.52,57.69,58.69,0
106,129.41,57.26,0.01,0
107,131.86,58.16,0.02,0
108,131.75,58.34,56.54,0
109,130.38,58.51,0.02,0
110,130.36,58.91,0.02,0
111,131.19,59.43,53.50,0
112,107.94,44.07,71.30,0
113,110.58,45.99,0.01,0
114,113.28,47.82,0.01,0
115,115.40,49.25,75.47,0
116,117.26,50.51,0.01,0
117,119.76,52.80,0.02,0
118,121.58,54.48,76.81,0
119,123.28,56.47,0.01,0
120,123.56,58.18,0.02,0
121,122.04,59.79,77.13,0
122,121.41,60.91,0.01,0
123,122.28,62.02,0.02,0
124,122.69,62.33,76.82,0
125,123.49,62.70,0.01,0
126,124.25,62.59,0.01,0
127,123.77,62.03,75.66,0
128,123.78,61.60,0.01,0
129,123.74,61.03,0.02,0
130,123.44,60.76,71.34,0
131,123.12,59.84,0.01,0
132,123.74,59.38,0.01,0
133,123.35,58.30,67.91,0
134,124.20,58.14,0.02,0
135,124.26,58.06,0.02,0
136,124.08,58.12,64.45,0
137,123.95,58.02,0.02,0
138,124.69,58.19,0.01,0
139,124.28,58.27,62.01,0
140,125.03,58.25,0.01,0
141,125.59,57.54,0.01,0
142,127.52,57.69,58.69,0
143,129.41,57.26,0.01,0
144,131.86,58.16,0.02,0
145,131.75,58.34,56.54,0
146,130.38,58.51,0.02,0
147,130.36,58.91,0.02,0
148,131.19,59.43,53.50,0
149,107.94,44.07,71.30,0
150,110.58,45.99,0.01,0
151,113.28,47.82,0.01,0
152,115.40,49.25,75.47,0
153,117.26,50.51,0.01,0
154,119.76,52.80,0.02,0
155,121.58,54.48,76.81,0
156,123.28,56.47,0.01,0
157,123.56,58.18,0.02,0
158,122.04,59.79,77.13,0
159,121.41,60.91,0.01,0
160,122.28,62.02,0.02,0
