2026/09/29 22:06:53.219, 1325 MiB, 0 %
2026/09/29 22:06:54.253, 1088 MiB, 0 %
2026/09/29 22:06:55.259, 1088 MiB, 0 %
2026/09/29 22:06:56.261, 1088 MiB, 0 %
2026/09/29 22:06:57.264, 1088 MiB, 0 %
2026/09/29 22:06:58.267, 1088 MiB, 0 %
2026/09/29 22:06:59.270, 1088 MiB, 0 %
2026/09/29 22:07:00.275, 1088 MiB, 2 %
2026/09/29 22:07:01.283, 1088 MiB, 0 %
2026/09/29 22:07:02.292, 1088 MiB, 0 %
2026/09/29 22:07:03.298, 1088 MiB, 0 %
2026/09/29 22:07:04.307, 1315 MiB, 0 %
2026/09/29 22:07:05.311, 1313 MiB, 0 %
2026/09/29 22:07:06.314, 1313 MiB, 0 %
2026/09/29 22:07:07.337, 1313 MiB, 0 %
2026/09/29 22:07:08.350, 1569 MiB, 0 %
2026/09/29 22:07:09.379, 1569 MiB, 0 %
2026/09/29 22:07:10.398, 1569 MiB, 0 %
2026/09/29 22:07:11.526, 1569 MiB, 0 %
2026/09/29 22:07:12.539, 1569 MiB, 0 %
2026/09/29 22:07:13.581, 1569 MiB, 0 %
2026/09/29 22:07:15.180, 1569 MiB, 0 %
2026/09/29 22:07:16.218, 1569 MiB, 0 %
2026/09/29 22:07:17.628, 1569 MiB, 0 %
2026/09/29 22:07:18.633, 1569 MiB, 0 %
2026/09/29 22:07:19.715, 1569 MiB, 0 %
2026/09/29 22:07:20.717, 1569 MiB, 0 %
2026/09/29 22:07:21.719, 1569 MiB, 0 %
2026/09/29 22:07:23.474, 1569 MiB, 0 %
2026/09/29 22:07:24.709, 1569 MiB, 0 %
2026/09/29 22:07:25.715, 1569 MiB, 0 %
2026/09/29 22:07:26.721, 1569 MiB, 0 %
2026/09/29 22:07:27.896, 1569 MiB, 1 %
2026/09/29 22:07:28.900, 2337 MiB, 46 %
2026/09/29 22:07:30.209, 5409 MiB, 0 %
2026/09/29 22:07:31.220, 9377 MiB, 14 %
2026/09/29 22:07:32.222, 9502 MiB, 0 %
2026/09/29 22:07:33.225, 9502 MiB, 0 %
2026/09/29 22:07:34.227, 9502 MiB, 0 %
2026/09/29 22:07:35.230, 9502 MiB, 0 %
2026/09/29 22:07:36.232, 9502 MiB, 0 %
2026/09/29 22:07:37.235, 9502 MiB, 0 %
2026/09/29 22:07:38.237, 9505 MiB, 0 %
2026/09/29 22:07:39.240, 9505 MiB, 0 %
2026/09/29 22:07:40.243, 9505 MiB, 0 %
2026/09/29 22:07:41.250, 9505 MiB, 0 %
2026/09/29 22:07:42.253, 9505 MiB, 0 %
2026/09/29 22:07:43.282, 9505 MiB, 0 %
2026/09/29 22:07:44.286, 9507 MiB, 0 %
2026/09/29 22:07:45.288, 9505 MiB, 0 %
2026/09/29 22:07:46.295, 9505 MiB, 0 %
2026/09/29 22:07:47.301, 9502 MiB, 0 %
2026/09/29 22:07:48.304, 9568 MiB, 0 %
2026/09/29 22:07:49.306, 9568 MiB, 6 %
2026/09/29 22:07:50.309, 9574 MiB, 52 %
2026/09/29 22:07:51.311, 9572 MiB, 0 %
2026/09/29 22:07:52.313, 9572 MiB, 0 %
2026/09/29 22:07:53.315, 9572 MiB, 0 %
2026/09/29 22:07:54.317, 9572 MiB, 1 %
2026/09/29 22:07:55.319, 9572 MiB, 0 %
2026/09/29 22:07:56.321, 9572 MiB, 0 %
2026/09/29 22:07:57.323, 9572 MiB, 0 %
2026/09/29 22:07:58.326, 9575 MiB, 0 %
2026/09/29 22:07:59.328, 9575 MiB, 0 %
2026/09/29 22:08:00.331, 9575 MiB, 1 %
2026/09/29 22:08:01.334, 9575 MiB, 0 %
2026/09/29 22:08:02.336, 9575 MiB, 0 %
2026/09/29 22:08:03.339, 9575 MiB, 0 %
2026/09/29 22:08:04.341, 9575 MiB, 0 %
2026/09/29 22:08:05.344, 9575 MiB, 0 %
2026/09/29 22:08:06.351, 9575 MiB, 0 %
2026/09/29 22:08:07.353, 9810 MiB, 0 %
2026/09/29 22:08:08.356, 9810 MiB, 2 %
2026/09/29 22:08:09.359, 9810 MiB, 0 %
2026/09/29 22:08:10.361, 9810 MiB, 0 %
2026/09/29 22:08:11.363, 9572 MiB, 0 %
2026/09/29 22:08:12.366, 9572 MiB, 0 %
2026/09/29 22:08:13.371, 9572 MiB, 92 %
2026/09/29 22:08:14.373, 9572 MiB, 85 %
2026/09/29 22:08:15.375, 9572 MiB, 86 %
2026/09/29 22:08:16.378, 9572 MiB, 84 %
2026/09/29 22:08:17.380, 9572 MiB, 86 %
2026/09/29 22:08:18.383, 9572 MiB, 91 %
2026/09/29 22:08:19.386, 9572 MiB, 86 %
2026/09/29 22:08:20.389, 9572 MiB, 82 %
2026/09/29 22:08:21.391, 9572 MiB, 85 %
2026/09/29 22:08:22.394, 9572 MiB, 86 %
2026/09/29 22:08:23.396, 9572 MiB, 92 %
2026/09/29 22:08:24.398, 9575 MiB, 82 %
2026/09/29 22:08:25.401, 9575 MiB, 85 %
2026/09/29 22:08:26.405, 9575 MiB, 82 %
2026/09/29 22:08:27.408, 9575 MiB, 90 %
2026/09/29 22:08:28.411, 9575 MiB, 86 %
2026/09/29 22:08:29.414, 9575 MiB, 86 %
2026/09/29 22:08:30.417, 9572 MiB, 85 %
2026/09/29 22:08:31.420, 9572 MiB, 90 %
2026/09/29 22:08:32.422, 9572 MiB, 88 %
2026/09/29 22:08:33.424, 9572 MiB, 85 %
2026/09/29 22:08:34.428, 9572 MiB, 85 %
2026/09/29 22:08:35.430, 9572 MiB, 86 %
2026/09/29 22:08:36.432, 9570 MiB, 91 %
2026/09/29 22:08:37.434, 9570 MiB, 86 %
2026/09/29 22:08:38.436, 9570 MiB, 86 %
2026/09/29 22:08:39.439, 9570 MiB, 85 %
2026/09/29 22:08:40.442, 9570 MiB, 91 %
2026/09/29 22:08:41.444, 9570 MiB, 92 %
2026/09/29 22:08:42.449, 9570 MiB, 86 %
2026/09/29 22:08:43.452, 9570 MiB, 86 %
2026/09/29 22:08:44.455, 9570 MiB, 91 %
2026/09/29 22:08:45.457, 9570 MiB, 90 %
2026/09/29 22:08:46.459, 9570 MiB, 86 %
2026/09/29 22:08:47.461, 9570 MiB, 86 %
2026/09/29 22:08:48.463, 9570 MiB, 86 %
2026/09/29 22:08:49.466, 9570 MiB, 92 %
2026/09/29 22:08:50.469, 9572 MiB, 86 %
2026/09/29 22:08:51.471, 9572 MiB, 85 %
2026/09/29 22:08:52.475, 9575 MiB, 84 %
2026/09/29 22:08:53.477, 9575 MiB, 91 %
2026/09/29 22:08:54.482, 9575 MiB, 85 %
2026/09/29 22:08:55.486, 9575 MiB, 85 %
2026/09/29 22:08:56.489, 9572 MiB, 90 %
2026/09/29 22:08:57.492, 9572 MiB, 81 %
2026/09/29 22:08:58.494, 9807 MiB, 89 %
2026/09/29 22:08:59.497, 9807 MiB, 86 %
2026/09/29 22:09:00.506, 9570 MiB, 85 %
2026/09/29 22:09:01.509, 9570 MiB, 84 %
2026/09/29 22:09:02.512, 9570 MiB, 91 %
2026/09/29 22:09:03.514, 9570 MiB, 87 %
2026/09/29 22:09:04.517, 9570 MiB, 85 %
2026/09/29 22:09:05.520, 9570 MiB, 85 %
2026/09/29 22:09:06.523, 9570 MiB, 91 %
2026/09/29 22:09:07.525, 9570 MiB, 88 %
2026/09/29 22:09:08.528, 9570 MiB, 85 %
2026/09/29 22:09:09.533, 9570 MiB, 85 %
2026/09/29 22:09:10.536, 9570 MiB, 92 %
2026/09/29 22:09:11.538, 9570 MiB, 86 %
2026/09/29 22:09:12.541, 9570 MiB, 84 %
2026/09/29 22:09:13.544, 9570 MiB, 86 %
2026/09/29 22:09:14.546, 9570 MiB, 92 %
2026/09/29 22:09:15.551, 9570 MiB, 86 %
2026/09/29 22:09:16.554, 9570 MiB, 84 %
2026/09/29 22:09:17.556, 9570 MiB, 91 %
2026/09/29 22:09:18.559, 9570 MiB, 85 %
2026/09/29 22:09:19.561, 9570 MiB, 85 %
2026/09/29 22:09:20.564, 9570 MiB, 86 %
2026/09/29 22:09:21.566, 9570 MiB, 91 %
2026/09/29 22:09:22.569, 9570 MiB, 85 %
2026/09/29 22:09:23.571, 9570 MiB, 85 %
2026/09/29 22:09:24.574, 9570 MiB, 89 %
2026/09/29 22:09:25.578, 9570 MiB, 86 %
2026/09/29 22:09:26.580, 9570 MiB, 84 %
2026/09/29 22:09:27.582, 9570 MiB, 85 %
2026/09/29 22:09:28.585, 9570 MiB, 90 %
2026/09/29 22:09:29.587, 9572 MiB, 85 %
2026/09/29 22:09:30.592, 9572 MiB, 85 %
2026/09/29 22:09:31.594, 9572 MiB, 91 %
2026/09/29 22:09:32.596, 9572 MiB, 85 %
2026/09/29 22:09:33.598, 9572 MiB, 85 %
2026/09/29 22:09:34.601, 9572 MiB, 84 %
2026/09/29 22:09:35.603, 9572 MiB, 89 %
2026/09/29 22:09:36.607, 9570 MiB, 86 %
2026/09/29 22:09:37.610, 9570 MiB, 86 %
2026/09/29 22:09:38.613, 9570 MiB, 91 %
2026/09/29 22:09:39.616, 9570 MiB, 85 %
2026/09/29 22:09:40.618, 9570 MiB, 86 %
2026/09/29 22:09:41.620, 9577 MiB, 86 %
2026/09/29 22:09:42.623, 9577 MiB, 90 %
2026/09/29 22:09:43.625, 9570 MiB, 86 %
2026/09/29 22:09:44.627, 9570 MiB, 86 %
2026/09/29 22:09:45.630, 9570 MiB, 88 %
2026/09/29 22:09:46.633, 9570 MiB, 90 %
2026/09/29 22:09:47.636, 9570 MiB, 86 %
2026/09/29 22:09:48.638, 9572 MiB, 85 %
2026/09/29 22:09:49.640, 9572 MiB, 91 %
2026/09/29 22:09:50.642, 9575 MiB, 85 %
2026/09/29 22:09:51.644, 9575 MiB, 85 %
2026/09/29 22:09:52.648, 9575 MiB, 91 %
2026/09/29 22:09:53.654, 9572 MiB, 86 %
2026/09/29 22:09:54.657, 9572 MiB, 82 %
2026/09/29 22:09:55.659, 9572 MiB, 92 %
2026/09/29 22:09:56.662, 9572 MiB, 85 %
2026/09/29 22:09:57.665, 9570 MiB, 85 %
2026/09/29 22:09:58.667, 9570 MiB, 87 %
2026/09/29 22:09:59.670, 9570 MiB, 89 %
2026/09/29 22:10:00.672, 9570 MiB, 84 %
2026/09/29 22:10:01.675, 9570 MiB, 86 %
2026/09/29 22:10:02.677, 9570 MiB, 90 %
2026/09/29 22:10:03.679, 9570 MiB, 86 %
2026/09/29 22:10:04.683, 9570 MiB, 83 %
2026/09/29 22:10:05.685, 9570 MiB, 91 %
2026/09/29 22:10:06.688, 9570 MiB, 86 %
2026/09/29 22:10:07.690, 9570 MiB, 82 %
2026/09/29 22:10:08.693, 9570 MiB, 91 %
2026/09/29 22:10:09.695, 9570 MiB, 84 %
2026/09/29 22:10:10.698, 9570 MiB, 84 %
2026/09/29 22:10:11.700, 9570 MiB, 91 %
2026/09/29 22:10:12.703, 9570 MiB, 84 %
2026/09/29 22:10:13.705, 9570 MiB, 85 %
2026/09/29 22:10:14.707, 9570 MiB, 91 %
2026/09/29 22:10:15.710, 9570 MiB, 86 %
2026/09/29 22:10:16.714, 9570 MiB, 84 %
2026/09/29 22:10:17.718, 9570 MiB, 86 %
2026/09/29 22:10:18.721, 9570 MiB, 86 %
2026/09/29 22:10:19.723, 9570 MiB, 85 %
2026/09/29 22:10:20.730, 9570 MiB, 85 %
2026/09/29 22:10:21.733, 9570 MiB, 0 %
2026/09/29 22:10:22.735, 1376 MiB, 0 %
2026/09/29 22:10:23.738, 1381 MiB, 0 %
2026/09/29 22:10:24.740, 1381 MiB, 0 %
2026/09/29 22:10:25.743, 1381 MiB, 0 %
2026/09/29 22:10:26.745, 1381 MiB, 0 %
