2026/09/29 22:11:17.275, 1083 MiB, 1 %
2026/09/29 22:11:18.299, 1083 MiB, 1 %
2026/09/29 22:11:19.301, 1083 MiB, 1 %
2026/09/29 22:11:20.304, 1083 MiB, 1 %
2026/09/29 22:11:21.306, 1083 MiB, 1 %
2026/09/29 22:11:22.310, 1085 MiB, 1 %
2026/09/29 22:11:23.315, 1085 MiB, 1 %
2026/09/29 22:11:24.317, 1085 MiB, 1 %
2026/09/29 22:11:25.320, 1473 MiB, 1 %
2026/09/29 22:11:26.323, 1857 MiB, 1 %
2026/09/29 22:11:27.325, 2369 MiB, 4 %
2026/09/29 22:11:28.327, 3393 MiB, 3 %
2026/09/29 22:11:29.330, 3393 MiB, 0 %
2026/09/29 22:11:30.333, 5441 MiB, 0 %
2026/09/29 22:11:31.336, 5441 MiB, 0 %
2026/09/29 22:11:32.338, 5441 MiB, 0 %
2026/09/29 22:11:33.345, 5441 MiB, 1 %
2026/09/29 22:11:34.347, 5441 MiB, 0 %
2026/09/29 22:11:35.350, 9537 MiB, 15 %
2026/09/29 22:11:36.355, 9537 MiB, 0 %
2026/09/29 22:11:37.357, 9539 MiB, 0 %
2026/09/29 22:11:38.360, 9539 MiB, 0 %
2026/09/29 22:11:39.362, 9539 MiB, 0 %
2026/09/29 22:11:40.365, 9539 MiB, 0 %
2026/09/29 22:11:41.368, 9542 MiB, 1 %
2026/09/29 22:11:42.373, 9539 MiB, 0 %
2026/09/29 22:11:43.393, 9537 MiB, 0 %
2026/09/29 22:11:44.397, 9537 MiB, 1 %
2026/09/29 22:11:45.402, 9537 MiB, 1 %
2026/09/29 22:11:46.406, 9537 MiB, 1 %
2026/09/29 22:11:47.411, 9534 MiB, 1 %
2026/09/29 22:11:48.416, 9548 MiB, 62 %
2026/09/29 22:11:49.418, 9552 MiB, 5 %
2026/09/29 22:11:50.420, 9552 MiB, 0 %
2026/09/29 22:11:51.422, 9552 MiB, 0 %
2026/09/29 22:11:52.425, 9552 MiB, 0 %
2026/09/29 22:11:53.431, 9552 MiB, 61 %
2026/09/29 22:11:54.433, 9559 MiB, 89 %
2026/09/29 22:11:55.436, 9561 MiB, 79 %
2026/09/29 22:11:56.446, 9561 MiB, 87 %
2026/09/29 22:11:57.449, 9561 MiB, 76 %
2026/09/29 22:11:58.455, 9559 MiB, 27 %
2026/09/29 22:11:59.458, 9559 MiB, 81 %
2026/09/29 22:12:00.461, 9559 MiB, 85 %
2026/09/29 22:12:01.463, 9559 MiB, 79 %
2026/09/29 22:12:02.465, 9556 MiB, 89 %
2026/09/29 22:12:03.467, 9556 MiB, 79 %
2026/09/29 22:12:04.470, 9556 MiB, 79 %
2026/09/29 22:12:05.473, 9556 MiB, 80 %
2026/09/29 22:12:06.476, 9556 MiB, 87 %
2026/09/29 22:12:07.478, 9556 MiB, 80 %
2026/09/29 22:12:08.480, 9559 MiB, 88 %
2026/09/29 22:12:09.484, 9559 MiB, 80 %
2026/09/29 22:12:10.488, 9559 MiB, 82 %
2026/09/29 22:12:11.490, 9559 MiB, 80 %
2026/09/29 22:12:12.493, 9559 MiB, 82 %
2026/09/29 22:12:13.495, 9559 MiB, 81 %
2026/09/29 22:12:14.499, 9559 MiB, 78 %
2026/09/29 22:12:15.501, 9559 MiB, 81 %
2026/09/29 22:12:16.503, 9559 MiB, 79 %
2026/09/29 22:12:17.506, 9556 MiB, 82 %
2026/09/29 22:12:18.508, 9556 MiB, 80 %
2026/09/29 22:12:19.510, 9556 MiB, 89 %
2026/09/29 22:12:20.512, 9556 MiB, 81 %
2026/09/29 22:12:21.516, 9556 MiB, 86 %
2026/09/29 22:12:22.519, 9556 MiB, 81 %
2026/09/29 22:12:23.521, 9556 MiB, 77 %
2026/09/29 22:12:24.529, 9556 MiB, 81 %
2026/09/29 22:12:25.532, 9556 MiB, 86 %
2026/09/29 22:12:26.534, 9556 MiB, 83 %
2026/09/29 22:12:27.536, 9556 MiB, 80 %
2026/09/29 22:12:28.538, 9556 MiB, 89 %
2026/09/29 22:12:29.540, 9556 MiB, 81 %
2026/09/29 22:12:30.542, 9556 MiB, 81 %
2026/09/29 22:12:31.545, 9556 MiB, 88 %
2026/09/29 22:12:32.547, 9556 MiB, 81 %
2026/09/29 22:12:33.551, 9556 MiB, 81 %
2026/09/29 22:12:34.555, 9556 MiB, 80 %
2026/09/29 22:12:35.558, 9556 MiB, 81 %
2026/09/29 22:12:36.562, 9556 MiB, 88 %
2026/09/29 22:12:37.566, 9556 MiB, 81 %
2026/09/29 22:12:38.568, 9559 MiB, 81 %
2026/09/29 22:12:39.571, 9556 MiB, 83 %
2026/09/29 22:12:40.573, 9559 MiB, 79 %
2026/09/29 22:12:41.575, 9566 MiB, 80 %
2026/09/29 22:12:42.578, 9566 MiB, 82 %
2026/09/29 22:12:43.582, 9559 MiB, 86 %
2026/09/29 22:12:44.586, 9559 MiB, 80 %
2026/09/29 22:12:45.588, 9559 MiB, 88 %
2026/09/29 22:12:46.593, 9559 MiB, 74 %
2026/09/29 22:12:47.595, 9559 MiB, 88 %
2026/09/29 22:12:48.598, 9556 MiB, 82 %
2026/09/29 22:12:49.600, 9556 MiB, 82 %
2026/09/29 22:12:50.602, 9556 MiB, 88 %
2026/09/29 22:12:51.604, 9556 MiB, 82 %
2026/09/29 22:12:52.607, 9556 MiB, 82 %
2026/09/29 22:12:53.609, 9556 MiB, 82 %
2026/09/29 22:12:54.612, 9556 MiB, 86 %
2026/09/29 22:12:55.616, 9556 MiB, 81 %
2026/09/29 22:12:56.619, 9554 MiB, 81 %
2026/09/29 22:12:57.622, 9554 MiB, 88 %
2026/09/29 22:12:58.624, 9554 MiB, 80 %
2026/09/29 22:12:59.626, 9554 MiB, 85 %
2026/09/29 22:13:00.629, 9554 MiB, 83 %
2026/09/29 22:13:01.632, 9554 MiB, 80 %
2026/09/29 22:13:02.634, 9554 MiB, 90 %
2026/09/29 22:13:03.637, 9554 MiB, 81 %
2026/09/29 22:13:04.640, 9554 MiB, 80 %
2026/09/29 22:13:05.643, 9554 MiB, 87 %
2026/09/29 22:13:06.645, 9554 MiB, 79 %
2026/09/29 22:13:07.648, 9554 MiB, 90 %
2026/09/29 22:13:08.650, 9554 MiB, 82 %
2026/09/29 22:13:09.652, 9554 MiB, 82 %
2026/09/29 22:13:10.655, 9554 MiB, 81 %
2026/09/29 22:13:11.661, 9554 MiB, 80 %
2026/09/29 22:13:12.664, 9554 MiB, 80 %
2026/09/29 22:13:13.666, 9554 MiB, 81 %
2026/09/29 22:13:14.668, 9554 MiB, 90 %
2026/09/29 22:13:15.670, 9554 MiB, 82 %
2026/09/29 22:13:16.673, 9554 MiB, 80 %
2026/09/29 22:13:17.675, 9554 MiB, 82 %
2026/09/29 22:13:18.678, 9554 MiB, 80 %
2026/09/29 22:13:19.681, 9554 MiB, 90 %
2026/09/29 22:13:20.683, 9554 MiB, 81 %
2026/09/29 22:13:21.686, 9554 MiB, 81 %
2026/09/29 22:13:22.688, 9554 MiB, 86 %
2026/09/29 22:13:23.691, 9554 MiB, 80 %
2026/09/29 22:13:24.693, 9554 MiB, 86 %
2026/09/29 22:13:25.696, 9556 MiB, 81 %
2026/09/29 22:13:26.700, 9556 MiB, 83 %
2026/09/29 22:13:27.702, 9556 MiB, 81 %
2026/09/29 22:13:28.704, 9556 MiB, 80 %
2026/09/29 22:13:29.706, 9554 MiB, 90 %
2026/09/29 22:13:30.708, 9554 MiB, 81 %
2026/09/29 22:13:31.711, 9554 MiB, 81 %
2026/09/29 22:13:32.714, 9554 MiB, 83 %
2026/09/29 22:13:33.717, 9554 MiB, 82 %
2026/09/29 22:13:34.720, 9554 MiB, 90 %
2026/09/29 22:13:35.722, 9556 MiB, 80 %
2026/09/29 22:13:36.729, 9556 MiB, 83 %
2026/09/29 22:13:37.731, 9556 MiB, 80 %
2026/09/29 22:13:38.733, 9554 MiB, 90 %
2026/09/29 22:13:39.735, 9554 MiB, 79 %
2026/09/29 22:13:40.737, 9554 MiB, 82 %
2026/09/29 22:13:41.740, 9554 MiB, 87 %
2026/09/29 22:13:42.742, 9554 MiB, 82 %
2026/09/29 22:13:43.746, 9554 MiB, 87 %
2026/09/29 22:13:44.750, 9554 MiB, 81 %
2026/09/29 22:13:45.752, 9554 MiB, 81 %
2026/09/29 22:13:46.755, 9554 MiB, 86 %
2026/09/29 22:13:47.757, 9554 MiB, 81 %
2026/09/29 22:13:48.760, 9554 MiB, 84 %
2026/09/29 22:13:49.763, 9554 MiB, 81 %
2026/09/29 22:13:50.766, 9554 MiB, 82 %
2026/09/29 22:13:51.769, 9554 MiB, 87 %
2026/09/29 22:13:52.772, 9570 MiB, 77 %
2026/09/29 22:13:53.774, 9570 MiB, 88 %
2026/09/29 22:13:54.777, 9570 MiB, 82 %
2026/09/29 22:13:55.779, 9570 MiB, 83 %
2026/09/29 22:13:56.783, 9570 MiB, 89 %
2026/09/29 22:13:57.786, 9570 MiB, 80 %
2026/09/29 22:13:58.788, 9570 MiB, 90 %
2026/09/29 22:13:59.790, 9570 MiB, 79 %
2026/09/29 22:14:00.793, 9570 MiB, 81 %
2026/09/29 22:14:01.795, 9570 MiB, 87 %
2026/09/29 22:14:02.798, 9570 MiB, 82 %
2026/09/29 22:14:03.800, 9570 MiB, 85 %
2026/09/29 22:14:04.802, 9570 MiB, 0 %
2026/09/29 22:14:05.805, 1344 MiB, 0 %
